{
  "أخرى": 30710.843373493975,
  "حي ابحر الجنوبية": 64395.06172839506,
  "حي ابحر الشمالية": 35202.7027027027,
  "حي ابرق الرغامة": 29985.915492957745,
  "حي الاجاويد": 34015.09433962264,
  "حي الاصالة": 31600.0,
  "حي الامواج": 32973.68421052631,
  "حي الامير فواز الجنوبي": 30956.521739130436,
  "حي الاميرعبدالمجيد": 37564.10256410256,
  "حي الاندلس": 56380.0,
  "حي البساتين": 47727.27272727273,
  "حي البشائر": 25677.41935483871,
  "حي البغدادية الغربية": 51055.555555555555,
  "حي البوادي": 27473.19587628866,
  "حي الحمدانية": 36136.53250773994,
  "حي الحمراء": 56474.137931034486,
  "حي الربوة": 35462.5,
  "حي الرحاب": 36714.28571428572,
  "حي الرحمانية": 29903.508771929824,
  "حي الروضة": 50982.773109243695,
  "حي الرويس": 52591.11111111111,
  "حي الرياض": 25098.11320754717,
  "حي الريان": 30645.367412140575,
  "حي الزمرد": 34422.48062015504,
  "حي الزهراء": 49397.17840375587,
  "حي السامر": 30650.0,
  "حي السلامة": 47661.22222222222,
  "حي السليمانية": 30423.529411764706,
  "حي السنابل": 30468.29268292683,
  "حي الشاطئ": 118782.60869565218,
  "حي الشراع": 30076.44230769231,
  "حي الصالحية": 28593.467336683418,
  "حي الصفا": 36007.954545454544,
  "حي الصوارى": 43326.18025751073,
  "حي العزيزية": 33706.976744186046,
  "حي الفردوس": 27600.0,
  "حي الفروسية": 25280.722891566264,
  "حي الفضيلة": 28250.0,
  "حي الفلاح": 28480.748663101604,
  "حي الفيحاء": 74456.25,
  "حي الفيصلية": 36634.58646616541,
  "حي القرينة": 30454.545454545456,
  "حي الكوثر": 27551.11111111111,
  "حي اللؤلؤ": 30727.272727272728,
  "حي المحمدية": 45393.93939393939,
  "حي المرجان": 46789.47368421053,
  "حي المروة": 37777.99607072691,
  "حي المنار": 35444.117647058825,
  "حي المنتزه": 29887.5,
  "حي النخيل": 33333.333333333336,
  "حي النزهة": 37024.5390070922,
  "حي النسيم": 35845.71428571428,
  "حي النعيم": 43307.692307692305,
  "حي النهضة": 54542.635658914725,
  "حي الهدى": 48133.4,
  "حي الواحة": 36911.42307692308,
  "حي الورود": 53284.09090909091,
  "حي الياقوت": 30986.666666666668,
  "حي ام السلم": 30400.0,
  "حي ام حبلين": 31700.0,
  "حي بحرة": 25214.285714285714,
  "حي بني مالك": 41205.1282051282,
  "حي طيبة": 33019.84732824427,
  "حي مدائن الفهد": 32214.285714285714,
  "حي مريخ": 36808.88888888889,
  "حي مشرفة": 34245.07042253521
}